Row Labels,AIR 21 B1A B3P,AIR 3227 B78W,AIR 6449 B78W,Radio 2219 B8,Radio 4402 B3,Radio 4422 B78Q,Radio 4429 B3,Radio 4499 44B1 44B3 C,Radio 4499 44B3 44B7 C,RRUS 01 B1,RRUS 01 B3,RRUS 0Z B1,RRUS 0Z B3,RRUS 12 B3,RRUW B1,RUS 01 B1,RUS 01 B3,RUS 02 B3,B1,B3,B8,B20,B1+B8,B1+B20,B8+B3,B3 + B20,B1+B8+B20,B1+B20+B3,B1+B8+B3,B20+B8+B3
0002M,,,,,,,,,,3,,,,3,,,,,3,3,0,0,0,0,0,0,0,0,0,0
0003M,,,,,,,,,,3,,,,3,,,,,3,3,0,0,0,0,0,0,0,0,0,0
0004M,,,,,,,,,,,,,,,,3,6,,3,6,0,0,0,0,0,0,0,0,0,0
0005M,,,,,,,,,,,,,,3,3,,,,3,3,0,0,0,0,0,0,0,0,0,0
0006M,,,,,,3,,,,,,,,,,3,6,,3,6,0,0,0,0,0,0,0,0,0,0
0007M,,,,,,,,,,,,,,3,3,,,,3,3,0,0,0,0,0,0,0,0,0,0
0008M,,,,,,,,,,3,,,,3,,,,,3,3,0,0,0,0,0,0,0,0,0,0
0009M,,,,,,,,,,,,,,,,3,6,,3,6,0,0,0,0,0,0,0,0,0,0
0010M,,,,,,,,,,,,,,3,3,,,,3,3,0,0,0,0,0,0,0,0,0,0
0011M,,,,,,,,,,3,,,,3,,,,,3,3,0,0,0,0,0,0,0,0,0,0
0012M,,,,,,,,,,1,,,,3,2,,,,3,3,0,0,0,0,0,0,0,0,0,0
0013M,,,,,,,,,,,,,,,,3,3,3,3,6,0,0,0,0,0,0,0,0,0,0
0014M,,,,,,,,,,2,,,,3,1,,,,3,3,0,0,0,0,0,0,0,0,0,0
0016M,,,,,,,,,,,,,,,,3,6,,3,6,0,0,0,0,0,0,0,0,0,0
0017M,,,,,,,,,,3,,,,3,,,,,3,3,0,0,0,0,0,0,0,0,0,0
0019M,,,,,,,,,,3,,,,3,,,,,3,3,0,0,0,0,0,0,0,0,0,0
0020M,,,,,,,,,,,,,,3,,,,,0,3,0,0,0,0,0,0,0,0,0,0
0021M,,,,,,,,,,,,,,3,3,,,,3,3,0,0,0,0,0,0,0,0,0,0
0022M,,,,,,,,,,1,,,,3,1,,,,2,3,0,0,0,0,0,0,0,0,0,0
0023M,,,,,,,,,,3,,,,3,,,,,3,3,0,0,0,0,0,0,0,0,0,0
0024M,,,,,,,,,,3,,,,3,,,,,3,3,0,0,0,0,0,0,0,0,0,0
0025M,,,,,,,,,,2,,,,3,1,,,,3,3,0,0,0,0,0,0,0,0,0,0
0027M,,,,,,,,,,,,,,3,3,,,,3,3,0,0,0,0,0,0,0,0,0,0
0028M,,,,,,,,,,,,,,3,3,,,,3,3,0,0,0,0,0,0,0,0,0,0
0030M,,,,,,,,,,3,,,,3,,,,,3,3,0,0,0,0,0,0,0,0,0,0
0031M,,,,,,,,,,3,,,,,,,,,3,0,0,0,0,0,0,0,0,0,0,0
0031ML,,,,,,,,,,,,,,3,,,,,0,3,0,0,0,0,0,0,0,0,0,0
0032M,,,,,,,,,,3,,,,3,,,,,3,3,0,0,0,0,0,0,0,0,0,0
0033M,,,,,,,,,,,,,,3,3,,,,3,3,0,0,0,0,0,0,0,0,0,0
0034M,,,,,,,,,,,,,,,,3,3,3,3,6,0,0,0,0,0,0,0,0,0,0
0035M,,,,,,,,,,3,,,,3,,,,,3,3,0,0,0,0,0,0,0,0,0,0
0036M,,,,,,,,,,3,,,,,,,3,3,3,6,0,0,0,0,0,0,0,0,0,0
0037M,,,,,,,,,3,3,,,,,,,,,3,0,0,0,0,0,0,0,0,0,0,0
0038M,,,,,,,,,,,,,,3,,,,,0,3,0,0,0,0,0,0,0,0,0,0
0039M,,,,,,,,,,3,,,,3,,,,,3,3,0,0,0,0,0,0,0,0,0,0
0040M,,,,,,,,,3,3,,,,,,,,,3,0,0,0,0,0,0,0,0,0,0,0
0041M,,,,,,,,,,3,,,,3,,,,,3,3,0,0,0,0,0,0,0,0,0,0
0042M,,,,,,,,,,3,,,,3,,,,,3,3,0,0,0,0,0,0,0,0,0,0
0043M,,,,,,,,,,1,,,,3,2,,,,3,3,0,0,0,0,0,0,0,0,0,0
0044M,,,,,,3,,,,3,,,,3,,,,,3,3,0,0,0,0,0,0,0,0,0,0
0045M,,,,,,,,,,,,,,3,3,,,,3,3,0,0,0,0,0,0,0,0,0,0
0046M,,,,,,,,,,3,,,,3,,,,,3,3,0,0,0,0,0,0,0,0,0,0
0047M,,,,,,,,,,3,,,,,,,,,3,0,0,0,0,0,0,0,0,0,0,0
0049M,,,,,,,,,,3,,,,3,,,,,3,3,0,0,0,0,0,0,0,0,0,0
0050M,,,,,,,,,,,,,,3,,,,,0,3,0,0,0,0,0,0,0,0,0,0
0051M,,,,,,,,,,,,,,3,3,,,,3,3,0,0,0,0,0,0,0,0,0,0
0052M,,,,,,,,,,,,,,3,3,,,,3,3,0,0,0,0,0,0,0,0,0,0
0053M,,3,,,,,,,,,,,,2,,3,,,3,2,0,0,0,0,0,0,0,0,0,0
0054I,,,,,,,,,,,,,,,,2,,,2,0,0,0,0,0,0,0,0,0,0,0
0055M,,,,,,,,,,,,,,3,3,,,,3,3,0,0,0,0,0,0,0,0,0,0
0055U,,,,,1,,,,,,,,,,,,,,0,0,0,0,0,0,0,0,0,0,0,0
0056M,,,,,,,,,,3,,,,3,,,,,3,3,0,0,0,0,0,0,0,0,0,0
0057U,,,,,1,,,,,,,,,,,,,,0,0,0,0,0,0,0,0,0,0,0,0
0058I,,,,,,,,,,,,,,,,1,,,1,0,0,0,0,0,0,0,0,0,0,0
0058M,,,,,,,,,,1,,,,3,2,,,,3,3,0,0,0,0,0,0,0,0,0,0
0059M,,,,,,,,,,,,,,,,3,6,,3,6,0,0,0,0,0,0,0,0,0,0
0060M,,,,,,,,,,,,,,2,3,,,,3,2,0,0,0,0,0,0,0,0,0,0
0062U,,,,,1,,,,,,,,,,,,,,0,0,0,0,0,0,0,0,0,0,0,0
0063M,,,,,,,,,,1,,,,3,2,,,,3,3,0,0,0,0,0,0,0,0,0,0
0064M,,,,,,,,,,,,,,3,2,,,,2,3,0,0,0,0,0,0,0,0,0,0
0065M,,,,,,,3,,,,,,,,3,,,,3,0,0,0,0,0,0,0,0,0,0,0
0066M,,,,,,,,,,,,,,3,3,,,,3,3,0,0,0,0,0,0,0,0,0,0
0067M,,,,,,,,,,,,,,3,3,,,,3,3,0,0,0,0,0,0,0,0,0,0
0068M,,,,,,,,,,,,,,3,,3,,,3,3,0,0,0,0,0,0,0,0,0,0
0069M,,,,,,,,,,,,,,,,3,6,,3,6,0,0,0,0,0,0,0,0,0,0
0070M,,,,,,,,,,,,,,,,3,6,,3,6,0,0,0,0,0,0,0,0,0,0
0071M,,,,,,,,,,,,,,3,3,,,,3,3,0,0,0,0,0,0,0,0,0,0
0073M,,,,,,,,,,,,,,,,3,6,,3,6,0,0,0,0,0,0,0,0,0,0
0074M,,,,,,,,,,3,,,,3,,,,,3,3,0,0,0,0,0,0,0,0,0,0
0077M,,,,,,,,,,3,,,,3,,,,,3,3,0,0,0,0,0,0,0,0,0,0
0078M,,,,,,,,,,,,,,3,3,,,,3,3,0,0,0,0,0,0,0,0,0,0
0079M,,,,,,,,,,,,,,,,3,6,,3,6,0,0,0,0,0,0,0,0,0,0
0080M,,,,,,,,,,,,,,3,3,,,,3,3,0,0,0,0,0,0,0,0,0,0
0081I,,,,,,,,,,,,,,,,1,,,1,0,0,0,0,0,0,0,0,0,0,0
0081M,,,,,,,,,,,,,,3,3,,,,3,3,0,0,0,0,0,0,0,0,0,0
0082M,,,,,,,,,,,,,,,3,,6,,3,6,0,0,0,0,0,0,0,0,0,0
0083M,,,,,,,,,,1,,,,3,2,,,,3,3,0,0,0,0,0,0,0,0,0,0
0084M,,,,,,,,,,,,,,,,3,2,3,3,5,0,0,0,0,0,0,0,0,0,0
0085M,,,3,,,,,,,,,,,2,,3,,,3,2,0,0,0,0,0,0,0,0,0,0
0085U,,,,,1,,,,,,,,,,,,,,0,0,0,0,0,0,0,0,0,0,0,0
0087M,,,,,,,3,,,2,,,,,,,,,2,0,0,0,0,0,0,0,0,0,0,0
0088M,3,,,,,,,,,,,,,3,,,,,0,3,0,0,0,0,0,0,0,0,0,0
0089M,,,,,,,,,,2,,,,3,,,,,2,3,0,0,0,0,0,0,0,0,0,0
0090M,,,,,,,,,,,,,,3,3,,,,3,3,0,0,0,0,0,0,0,0,0,0
0091M,,,,,,,,,3,3,,,,,,,,,3,0,0,0,0,0,0,0,0,0,0,0
0092M,,,,,,,,,,3,,,,3,,,,,3,3,0,0,0,0,0,0,0,0,0,0
0093M,,,,,,,,,,3,,,,3,,,,,3,3,0,0,0,0,0,0,0,0,0,0
0094M,,,,,,,,,,,,,,,,3,6,,3,6,0,0,0,0,0,0,0,0,0,0
0095M,,,,,,,,,,3,,,,3,,,,,3,3,0,0,0,0,0,0,0,0,0,0
0096M,,,,,,,,,,3,,,,3,,,,,3,3,0,0,0,0,0,0,0,0,0,0
0097M,,,,,,,,,,,,,,3,3,,,,3,3,0,0,0,0,0,0,0,0,0,0
0098M,,,,,,,,,,3,,,,3,,,,,3,3,0,0,0,0,0,0,0,0,0,0
0099M,,,,,,,,,3,2,,,,,,,,,2,0,0,0,0,0,0,0,0,0,0,0
0100M,,,,,,,,,,3,,,,3,,,,,3,3,0,0,0,0,0,0,0,0,0,0
0101M,,,,,,,,,,,,,,3,2,,,,2,3,0,0,0,0,0,0,0,0,0,0
0102M,,,,,,,,,,,,,,,,3,3,,3,3,0,0,0,0,0,0,0,0,0,0
0103M,,,,,,,3,,,,,,,,,,,,0,0,0,0,0,0,0,0,0,0,0,0
0104M,,,,,,,,,,,,,,3,3,,,,3,3,0,0,0,0,0,0,0,0,0,0
0105M,,,,,,,,,,,,,,3,3,,,,3,3,0,0,0,0,0,0,0,0,0,0
0106M,,,,,,,,,,,,,,,,3,3,3,3,6,0,0,0,0,0,0,0,0,0,0
0107M,,,,,,,,,,3,,,,3,,,,,3,3,0,0,0,0,0,0,0,0,0,0
0108M,,,,,,,,,,,,,,,,3,6,,3,6,0,0,0,0,0,0,0,0,0,0
0109M,,,,,,,,,,3,,,,3,,,,,3,3,0,0,0,0,0,0,0,0,0,0
0110M,,,,,,,,,,,,,,3,3,,,,3,3,0,0,0,0,0,0,0,0,0,0
0114M,,,,,,,,,,3,,,,3,,,,,3,3,0,0,0,0,0,0,0,0,0,0
0115M,,,,,,3,,,,,,,,3,3,,,,3,3,0,0,0,0,0,0,0,0,0,0
0116M,,,,,,,,,,3,,,,3,,,,,3,3,0,0,0,0,0,0,0,0,0,0
0119M,,,,,,,,,,3,,,,3,,,,,3,3,0,0,0,0,0,0,0,0,0,0
0120M,,,,,,,,,,2,,,,3,,,,,2,3,0,0,0,0,0,0,0,0,0,0
0122M,,,,,,,,,,3,,,,3,,,,,3,3,0,0,0,0,0,0,0,0,0,0
0123M,,,,,,,,,,3,,,,3,,,,,3,3,0,0,0,0,0,0,0,0,0,0
0124M,,,,,,,,,,,,,,,,3,,,3,0,0,0,0,0,0,0,0,0,0,0
0125M,,,,,,,,,,3,,,,3,,,,,3,3,0,0,0,0,0,0,0,0,0,0
0126M,,,,,,,,,3,,,,,,,3,,,3,0,0,0,0,0,0,0,0,0,0,0
0127M,,,,,,,,,,,,,,3,2,,,,2,3,0,0,0,0,0,0,0,0,0,0
0128M,,,,,,,,,,,,,,,,3,,3,3,3,0,0,0,0,0,0,0,0,0,0
0129M,,,,,,,,,,3,,,,3,,,,,3,3,0,0,0,0,0,0,0,0,0,0
0130M,,,,,,,,,,2,,,,3,1,,,,3,3,0,0,0,0,0,0,0,0,0,0
0131M,,,,,,,,,,3,,,,3,,,,,3,3,0,0,0,0,0,0,0,0,0,0
0132M,,,,,,,,,,,,,,3,,,,,0,3,0,0,0,0,0,0,0,0,0,0
0133M,,,,,,,,,3,,,,,,3,,,,3,0,0,0,0,0,0,0,0,0,0,0
0134M,,,,,,,,,,3,,,,3,,,,,3,3,0,0,0,0,0,0,0,0,0,0
0135I,,,,,,,,,,3,,,,,,,,,3,0,0,0,0,0,0,0,0,0,0,0
0136M,,,,,,,,,,3,,,,3,,,,,3,3,0,0,0,0,0,0,0,0,0,0
0138M,,,,,,,,,,3,,,,3,,,,,3,3,0,0,0,0,0,0,0,0,0,0
0140M,,,,,,,,,,3,,,,3,,,,,3,3,0,0,0,0,0,0,0,0,0,0
0141M,,,,,,,,,,1,,,,3,3,,,,4,3,0,0,0,0,0,0,0,0,0,0
0142M,,,,,,,,,,,6,,,,3,,,,3,6,0,0,0,0,0,0,0,0,0,0
0143M,,,,,,,,,,,,,,3,3,,,,3,3,0,0,0,0,0,0,0,0,0,0
0144M,,,,,,,,,,,,,,,,3,6,,3,6,0,0,0,0,0,0,0,0,0,0
0145M,,,,,,,,,,3,,,,3,,,,,3,3,0,0,0,0,0,0,0,0,0,0
0146M,,,,,,,,,,,,,,3,,,,,0,3,0,0,0,0,0,0,0,0,0,0
0147M,,,,,,,,,,3,,,,3,,,,,3,3,0,0,0,0,0,0,0,0,0,0
0149M,,,,,,,,,,3,,,,3,,,,,3,3,0,0,0,0,0,0,0,0,0,0
0150M,,,,,,,,,,3,,,,3,,,,,3,3,0,0,0,0,0,0,0,0,0,0
0151M,,,,,,,,,,2,3,,,,1,,,,3,3,0,0,0,0,0,0,0,0,0,0
0153M,,,,,,,,,,3,,,,3,,,,,3,3,0,0,0,0,0,0,0,0,0,0
0154M,,,,,,,,,2,2,,,,1,1,,,,3,1,0,0,0,0,0,0,0,0,0,0
0155M,,,,,,,,,,2,,,,3,1,,,,3,3,0,0,0,0,0,0,0,0,0,0
0156M,,,,,,,,,,,,,,,3,,6,,3,6,0,0,0,0,0,0,0,0,0,0
0157M,,,,,,,,,3,3,,,,,,,,,3,0,0,0,0,0,0,0,0,0,0,0
0158M,,,,,,,,,,3,,,,3,,,,,3,3,0,0,0,0,0,0,0,0,0,0
0159M,,,,,,,,,,1,,,,3,2,,,,3,3,0,0,0,0,0,0,0,0,0,0
0160M,,,,,,,,,,,,,,3,2,,,,2,3,0,0,0,0,0,0,0,0,0,0
0161M,,,,,,,2,,,3,,,,1,,,,,3,1,0,0,0,0,0,0,0,0,0,0
0162M,,,,,,,,,,3,,,,3,,,,,3,3,0,0,0,0,0,0,0,0,0,0
0163M,,,,,,,,,,3,,,,3,,,,,3,3,0,0,0,0,0,0,0,0,0,0
0164M,,,,,,,,,,,,,,3,,,,,0,3,0,0,0,0,0,0,0,0,0,0
0165M,,,,,,,,,,,,,,3,3,,,,3,3,0,0,0,0,0,0,0,0,0,0
0166M,,,,,,,,,3,,,,,,3,,,,3,0,0,0,0,0,0,0,0,0,0,0
0167M,,,,,,,,,,3,,,,3,,,,,3,3,0,0,0,0,0,0,0,0,0,0
0169I,,,,,,,,,,,,,,,,1,,,1,0,0,0,0,0,0,0,0,0,0,0
0169M,,3,,,,,,,,,,,,3,3,,,,3,3,0,0,0,0,0,0,0,0,0,0
0170M,,,,,,,,,,3,,,,3,,,,,3,3,0,0,0,0,0,0,0,0,0,0
0172U,,,,,2,,,,,,,,,,,,,,0,0,0,0,0,0,0,0,0,0,0,0
0173U,,,,,1,,,,,,,,,,,,,,0,0,0,0,0,0,0,0,0,0,0,0
0174U,,,,,1,,,,,,,,,,,,,,0,0,0,0,0,0,0,0,0,0,0,0
0176U,,,,,1,,,,,,,,,,,,,,0,0,0,0,0,0,0,0,0,0,0,0
0177U,,,,,1,,,,,,,,,,,,,,0,0,0,0,0,0,0,0,0,0,0,0
0178U,,,,,1,,,,,,,,,,,,,,0,0,0,0,0,0,0,0,0,0,0,0
0179U,,,,,1,,,,,,,,,,,,,,0,0,0,0,0,0,0,0,0,0,0,0
0180U,,,,,1,,,,,,,,,,,,,,0,0,0,0,0,0,0,0,0,0,0,0
0181U,,,,,1,,,,,,,,,,,,,,0,0,0,0,0,0,0,0,0,0,0,0
0182U,,,,,1,,,,,,,,,,,,,,0,0,0,0,0,0,0,0,0,0,0,0
0185U,,,,,1,,,,,,,,,,,,,,0,0,0,0,0,0,0,0,0,0,0,0
0186U,,,,,1,,,,,,,,,,,,,,0,0,0,0,0,0,0,0,0,0,0,0
0188U,,,,,1,,,,,,,,,,,,,,0,0,0,0,0,0,0,0,0,0,0,0
0189U,,,,,1,,,,,,,,,,,,,,0,0,0,0,0,0,0,0,0,0,0,0
0195M,,,,,,,3,,,3,,,,,,,,,3,0,0,0,0,0,0,0,0,0,0,0
0196M,,,,,,,,,,,,,,,,3,3,3,3,6,0,0,0,0,0,0,0,0,0,0
0197M,,,,,,,,,,,5,,,,3,,,,3,5,0,0,0,0,0,0,0,0,0,0
0198M,,,,,,,,,,3,,,,3,,,,,3,3,0,0,0,0,0,0,0,0,0,0
0199M,,,,,,,,,,3,,,,3,,,,,3,3,0,0,0,0,0,0,0,0,0,0
0200M,,,,,,,,,,3,,,,,,,6,,3,6,0,0,0,0,0,0,0,0,0,0
0201M,,,,,,,,,,3,,,,3,,,,,3,3,0,0,0,0,0,0,0,0,0,0
0202M,,,,,,,,,,,,,,,,3,6,,3,6,0,0,0,0,0,0,0,0,0,0
0203M,,,,,,,3,,,3,,,,,,,,,3,0,0,0,0,0,0,0,0,0,0,0
0204M,,,,,,,,,,3,,,,3,,,,,3,3,0,0,0,0,0,0,0,0,0,0
0205M,,,,,,,,,,3,,,,3,,,,,3,3,0,0,0,0,0,0,0,0,0,0
0206M,,,,,,,,,,,,,,3,3,,,,3,3,0,0,0,0,0,0,0,0,0,0
0207M,,,,,,,,,,1,,,,3,2,,,,3,3,0,0,0,0,0,0,0,0,0,0
0208M,,,,,,,3,,,,,,,,3,,,,3,0,0,0,0,0,0,0,0,0,0,0
0209M,,,,,,,,,,3,,,,3,,,,,3,3,0,0,0,0,0,0,0,0,0,0
0210M,,,,,,,,,,3,,,,3,,,,,3,3,0,0,0,0,0,0,0,0,0,0
0211M,,,,,,,,,,3,6,,,,,,,,3,6,0,0,0,0,0,0,0,0,0,0
0212M,,,,,,,,,,3,,,,3,,,,,3,3,0,0,0,0,0,0,0,0,0,0
0214M,,,,,,,,,,3,,,,3,,,,,3,3,0,0,0,0,0,0,0,0,0,0
0215M,,,,,,,,,,,,,,,,3,3,3,3,6,0,0,0,0,0,0,0,0,0,0
0216M,,,,,,,,,,,,,,3,,,,,0,3,0,0,0,0,0,0,0,0,0,0
0217M,,,,,,,3,,,,,,,,3,,,,3,0,0,0,0,0,0,0,0,0,0,0
0218M,,,,,,,,,,3,,,,3,,,,,3,3,0,0,0,0,0,0,0,0,0,0
0219M,,,,,,,,,,3,,,,3,,,,,3,3,0,0,0,0,0,0,0,0,0,0
0220M,,,,,,,,,,3,,,,,,,,,3,0,0,0,0,0,0,0,0,0,0,0
0221M,,,,,,,,,,3,,,,3,,,,,3,3,0,0,0,0,0,0,0,0,0,0
0222M,,,,,,,,,,,,,,3,,,,,0,3,0,0,0,0,0,0,0,0,0,0
0223M,,,,,,,,,,3,,,,3,,,,,3,3,0,0,0,0,0,0,0,0,0,0
0224M,,,,,,,,,,3,,,,3,,,,,3,3,0,0,0,0,0,0,0,0,0,0
0225M,,,,,,,,,,3,,,,3,,,,,3,3,0,0,0,0,0,0,0,0,0,0
0226M,,,,,,,,,,,,,,3,3,,,,3,3,0,0,0,0,0,0,0,0,0,0
0227M,,,,,,,,,,3,,,,3,,,,,3,3,0,0,0,0,0,0,0,0,0,0
0228M,,,,,,,,,,3,,,,3,,,,,3,3,0,0,0,0,0,0,0,0,0,0
0229M,,,,,,,,,,,,,,,,3,3,3,3,6,0,0,0,0,0,0,0,0,0,0
0230M,,,,,,,,,,3,,,,3,,,,,3,3,0,0,0,0,0,0,0,0,0,0
0232M,,,,,,,,,,3,,,,3,,,,,3,3,0,0,0,0,0,0,0,0,0,0
0233M,,,,,,,,,,,,,,3,3,,,,3,3,0,0,0,0,0,0,0,0,0,0
0234M,,,,,,,,,,,,,,,,3,3,,3,3,0,0,0,0,0,0,0,0,0,0
0235M,,,,,,,,,,3,,,,3,,,,,3,3,0,0,0,0,0,0,0,0,0,0
0236M,,,,,,,,,,,,,,3,,3,,,3,3,0,0,0,0,0,0,0,0,0,0
0237M,,,,,,,,,,3,,,,3,,,,,3,3,0,0,0,0,0,0,0,0,0,0
0238M,,,,,,,,,,3,,,,3,,,,,3,3,0,0,0,0,0,0,0,0,0,0
0239M,,,,,,,2,,,3,,,,1,,,,,3,1,0,0,0,0,0,0,0,0,0,0
0240M,,,,,,,,,,2,,,,3,1,,,,3,3,0,0,0,0,0,0,0,0,0,0
0243M,,,,,,,,,,3,,,,3,,,,,3,3,0,0,0,0,0,0,0,0,0,0
0244M,,,,,,,,,,2,,,,,,,3,3,2,6,0,0,0,0,0,0,0,0,0,0
0245M,,,,,,,,,,,,,,3,2,,,,2,3,0,0,0,0,0,0,0,0,0,0
0246M,,,,,,,,,,3,,,,3,,,,,3,3,0,0,0,0,0,0,0,0,0,0
0247M,,,,,,,,,,3,,,,3,,,,,3,3,0,0,0,0,0,0,0,0,0,0
0248M,,,,,,,,,,3,,,,3,,,,,3,3,0,0,0,0,0,0,0,0,0,0
0249M,,,,,,,1,,,,,,,3,,,,,0,3,0,0,0,0,0,0,0,0,0,0
0250M,,,,,,,,,,,,,,,,3,3,3,3,6,0,0,0,0,0,0,0,0,0,0
0251M,,,,,,,,,,3,,,,3,,,,,3,3,0,0,0,0,0,0,0,0,0,0
0252M,,,,,,,,,,,,,,,,3,3,3,3,6,0,0,0,0,0,0,0,0,0,0
0253M,,,,,,,,,,3,,,,3,,,,,3,3,0,0,0,0,0,0,0,0,0,0
0254M,,,,,,,,,,,,,,3,3,,,,3,3,0,0,0,0,0,0,0,0,0,0
0255I,,,,,,,,,,,,,,,,3,,,3,0,0,0,0,0,0,0,0,0,0,0
0255M,,,,,,,,,,,,,,3,2,,,,2,3,0,0,0,0,0,0,0,0,0,0
0256M,,3,,,,,,,,,3,,,,,3,,,3,3,0,0,0,0,0,0,0,0,0,0
0257M,,,,,,,,,,3,,,,3,,,,,3,3,0,0,0,0,0,0,0,0,0,0
0258M,,,,,,,,,,,,,,,,3,6,,3,6,0,0,0,0,0,0,0,0,0,0
0259M,,,,,,,,,,,,,,,,3,6,,3,6,0,0,0,0,0,0,0,0,0,0
0260M,,,,,,,,,,,,,,,,3,3,,3,3,0,0,0,0,0,0,0,0,0,0
0261M,,,,,,,,,,3,,,,3,,,,,3,3,0,0,0,0,0,0,0,0,0,0
0262M,,,,,,,,,,,,,,3,,3,,,3,3,0,0,0,0,0,0,0,0,0,0
0263M,,,,,,,3,,,,,,,,,3,,,3,0,0,0,0,0,0,0,0,0,0,0
0264M,,,,,,,,,,,,,,3,3,,,,3,3,0,0,0,0,0,0,0,0,0,0
0265M,,,,,,,,,,3,,,,3,,,,,3,3,0,0,0,0,0,0,0,0,0,0
0266M,,,,,,,1,,,,,,,3,,,,,0,3,0,0,0,0,0,0,0,0,0,0
0266MU,,,,,,,,,,3,,,,,,,,,3,0,0,0,0,0,0,0,0,0,0,0
0267M,,,,,,,,,,,,,,,,3,6,,3,6,0,0,0,0,0,0,0,0,0,0
0268M,,,,,,,3,,,2,,,,,1,,,,3,0,0,0,0,0,0,0,0,0,0,0
0269M,,,,,,,,,,,,,,,,3,6,,3,6,0,0,0,0,0,0,0,0,0,0
0270M,,,,,,,,,,3,,,,3,,,,,3,3,0,0,0,0,0,0,0,0,0,0
0272M,,,,,,,,,,3,,,,3,,,,,3,3,0,0,0,0,0,0,0,0,0,0
0273M,,,,,,,,,,3,,,,3,,,,,3,3,0,0,0,0,0,0,0,0,0,0
0274U,,,,,1,,,,,,,,,,,,,,0,0,0,0,0,0,0,0,0,0,0,0
0278M,,,,,,,,,,,,,,,,3,6,,3,6,0,0,0,0,0,0,0,0,0,0
0279M,,,,,,,,,,,,,,3,3,,,,3,3,0,0,0,0,0,0,0,0,0,0
0280M,,,,,,,,,,,,,,,,3,6,,3,6,0,0,0,0,0,0,0,0,0,0
0281M,,,,,,,,,,3,,,,3,,,,,3,3,0,0,0,0,0,0,0,0,0,0
0282M,,3,,,,,,,,,,,3,,,2,,,2,3,0,0,0,0,0,0,0,0,0,0
0283M,,,,,,,,,,,,,,3,3,,,,3,3,0,0,0,0,0,0,0,0,0,0
0285M,,,,,,,,,,,,,,3,3,,,,3,3,0,0,0,0,0,0,0,0,0,0
0286M,,,,,,,,,,,,,,,,3,6,,3,6,0,0,0,0,0,0,0,0,0,0
0287M,,,,,,,,,,,,,,3,3,,,,3,3,0,0,0,0,0,0,0,0,0,0
0290M,3,,,,,,,,,,6,,,,,,,,0,6,0,0,0,0,0,0,0,0,0,0
0291M,,,,,,,,,,,,,,,,3,3,3,3,6,0,0,0,0,0,0,0,0,0,0
0292M,,,,,,,,,,,,,,,,3,3,3,3,6,0,0,0,0,0,0,0,0,0,0
0293M,,,,,,,,,,3,,,,3,,,,,3,3,0,0,0,0,0,0,0,0,0,0
0295M,3,,,,,,,,,,,,,3,,,,,0,3,0,0,0,0,0,0,0,0,0,0
0296M,,,,,,,,,,,,,,,,3,6,,3,6,0,0,0,0,0,0,0,0,0,0
0297M,,,,,,,,,,3,,,,3,,,,,3,3,0,0,0,0,0,0,0,0,0,0
0298M,,,,,,,,,,3,,,,3,,,,,3,3,0,0,0,0,0,0,0,0,0,0
0299M,,,,,,,,,,,,,,3,3,,,,3,3,0,0,0,0,0,0,0,0,0,0
0300M,,,,,,,,,,,,,,,,3,3,3,3,6,0,0,0,0,0,0,0,0,0,0
0301M,,,,,,,,,,3,,,,3,,,,,3,3,0,0,0,0,0,0,0,0,0,0
0302M,,,,,,,,,,,,,,,,3,6,,3,6,0,0,0,0,0,0,0,0,0,0
0303M,2,,,,,,,,,,,,,3,,,,,0,3,0,0,0,0,0,0,0,0,0,0
0304M,,,,,,,,,3,,,,,,3,,,,3,0,0,0,0,0,0,0,0,0,0,0
0306M,,,,,,,,,,,,,,3,3,,,,3,3,0,0,0,0,0,0,0,0,0,0
0307M,,,,,,,,,,3,,,,3,,,,,3,3,0,0,0,0,0,0,0,0,0,0
0308M,,,,,,,,,,,,,,3,3,,,,3,3,0,0,0,0,0,0,0,0,0,0
0310M,,,,,,,,,,,,,,,,3,3,2,3,5,0,0,0,0,0,0,0,0,0,0
0311M,,,,,,,,,,,,,,,,3,3,3,3,6,0,0,0,0,0,0,0,0,0,0
0312M,,,,,,,,,,3,,,,3,,,,,3,3,0,0,0,0,0,0,0,0,0,0
0313M,,,,,,,,,,3,,,,,,,,,3,0,0,0,0,0,0,0,0,0,0,0
0315M,,,,,,,,,,3,,,,3,,,,,3,3,0,0,0,0,0,0,0,0,0,0
0316M,,,,,,,,,,,,,,,,2,3,3,2,6,0,0,0,0,0,0,0,0,0,0
0317M,,,,,,,,,,,,,,3,2,,,,2,3,0,0,0,0,0,0,0,0,0,0
0318M,,,,,,,,,,3,,,,3,,,,,3,3,0,0,0,0,0,0,0,0,0,0
0319M,,,,,,,,,,,,,,,,3,6,,3,6,0,0,0,0,0,0,0,0,0,0
0320M,,,,,,,,,,,,,,,,3,3,3,3,6,0,0,0,0,0,0,0,0,0,0
0321M,,,,,,,,,,,,,,,,3,6,,3,6,0,0,0,0,0,0,0,0,0,0
0322M,,,,,,,,,3,,,,,,3,,,,3,0,0,0,0,0,0,0,0,0,0,0
0324M,,,,,,,,,,,,,,,,3,3,3,3,6,0,0,0,0,0,0,0,0,0,0
0325M,,,,,,,,,,,,,,,,3,6,,3,6,0,0,0,0,0,0,0,0,0,0
0326M,,,,,,,,,,,,,,,,3,3,3,3,6,0,0,0,0,0,0,0,0,0,0
0327M,,,,,,,,,,3,,,,3,,,,,3,3,0,0,0,0,0,0,0,0,0,0
0328M,,,,,,,,,,,,,,,,3,6,,3,6,0,0,0,0,0,0,0,0,0,0
0329M,,,,,,,,,,,,,,,,3,6,,3,6,0,0,0,0,0,0,0,0,0,0
0330M,,,,,,,,,,3,,,,3,,,,,3,3,0,0,0,0,0,0,0,0,0,0
0331M,,,,,,,,,,3,,,,3,,,,,3,3,0,0,0,0,0,0,0,0,0,0
0332M,,,,,,,,,,,,,,,,3,1,5,3,6,0,0,0,0,0,0,0,0,0,0
0333M,,,,,,,,,,3,,,,3,,,,,3,3,0,0,0,0,0,0,0,0,0,0
0335M,,,,,,,,,,2,,,,3,,,,,2,3,0,0,0,0,0,0,0,0,0,0
0336M,,,,,,,,,,,,,,,,,3,2,0,5,0,0,0,0,0,0,0,0,0,0
0337M,,,,,,,,,,3,,,,3,,,,,3,3,0,0,0,0,0,0,0,0,0,0
0338M,,,,,,,,,,3,,,,3,,,,,3,3,0,0,0,0,0,0,0,0,0,0
0339M,,,,,,,,,,3,,,,3,,,,,3,3,0,0,0,0,0,0,0,0,0,0
0340M,,,,,,,,,,3,,,,3,,,,,3,3,0,0,0,0,0,0,0,0,0,0
0341M,,,,,,,,,,,,,,,,3,6,,3,6,0,0,0,0,0,0,0,0,0,0
0342M,,,,,,,3,,,2,,,,,,,,,2,0,0,0,0,0,0,0,0,0,0,0
0343M,,,,,,,,,,,,,,3,3,,,,3,3,0,0,0,0,0,0,0,0,0,0
0345M,,,,,,,,,,,,,,3,3,,,,3,3,0,0,0,0,0,0,0,0,0,0
0346M,,,,,,,,,2,,,,,1,3,,,,3,1,0,0,0,0,0,0,0,0,0,0
0347M,,,,,,,,,,,6,,,,3,,,,3,6,0,0,0,0,0,0,0,0,0,0
0348M,,,,,,,,,,,,,,3,,3,,,3,3,0,0,0,0,0,0,0,0,0,0
0349M,,,,,,,,,,,,,,,,3,3,3,3,6,0,0,0,0,0,0,0,0,0,0
0351M,,,,,,,,,3,,,,,,,3,,,3,0,0,0,0,0,0,0,0,0,0,0
0352M,,,,,,,,,,,,,,,,3,6,,3,6,0,0,0,0,0,0,0,0,0,0
0353M,,,,,,,,,,,,,,,,,6,,0,6,0,0,0,0,0,0,0,0,0,0
0354M,,,,,,,,,,,,,,3,3,,,,3,3,0,0,0,0,0,0,0,0,0,0
0355M,,,,,,,3,,,3,,,,,,,,,3,0,0,0,0,0,0,0,0,0,0,0
0356M,,,,,,,,,,,,,,3,,,,,0,3,0,0,0,0,0,0,0,0,0,0
0358M,,,,,,,,,,3,,,,3,,,,,3,3,0,0,0,0,0,0,0,0,0,0
0359M,,,,,,,,,,3,,,,3,,,,,3,3,0,0,0,0,0,0,0,0,0,0
0360M,,,,,,,,,,3,,,,3,,,,,3,3,0,0,0,0,0,0,0,0,0,0
0361M,,,,,,,,,,3,,,,3,,,,,3,3,0,0,0,0,0,0,0,0,0,0
0362M,,,,,,,,,,3,,,,,,,,,3,0,0,0,0,0,0,0,0,0,0,0
0364M,,,,,,,,,,3,,,,3,,,,,3,3,0,0,0,0,0,0,0,0,0,0
0365M,,,,,,,,,,,,,,,,3,3,3,3,6,0,0,0,0,0,0,0,0,0,0
0366M,,,,,,,1,,,3,,,,2,,,,,3,2,0,0,0,0,0,0,0,0,0,0
0367M,,,,,,,,,,,,,,3,3,,,,3,3,0,0,0,0,0,0,0,0,0,0
0368M,,,,,,,,,,3,,,,,,,6,,3,6,0,0,0,0,0,0,0,0,0,0
0369M,,,,,,,,,,3,,,,3,,,,,3,3,0,0,0,0,0,0,0,0,0,0
0370M,,,,,,,,,,3,,,,3,,,,,3,3,0,0,0,0,0,0,0,0,0,0
0371M,,,,,,,,,,3,,,,3,,,,,3,3,0,0,0,0,0,0,0,0,0,0
0372M,,,,,,,,,,,,,,,,3,3,3,3,6,0,0,0,0,0,0,0,0,0,0
0373M,,,,,,,,,3,3,,,,,,,,,3,0,0,0,0,0,0,0,0,0,0,0
0374M,,,,,,,3,,,2,,,,,1,,,,3,0,0,0,0,0,0,0,0,0,0,0
0375M,,,,,,,,,,,,,,3,3,,,,3,3,0,0,0,0,0,0,0,0,0,0
0376M,,,,,,,,,,,,,,,,3,6,,3,6,0,0,0,0,0,0,0,0,0,0
0377M,,,,,,,,,,,,,,3,,2,,,2,3,0,0,0,0,0,0,0,0,0,0
0378M,,,,,,,,,,3,,,,3,,,,,3,3,0,0,0,0,0,0,0,0,0,0
0379M,,,,,,,2,,,2,,,,1,,,,,2,1,0,0,0,0,0,0,0,0,0,0
0380M,,,,,,,,,,,,,,,,,3,3,0,6,0,0,0,0,0,0,0,0,0,0
0381M,,,,,,,,,,,,,,3,3,,,,3,3,0,0,0,0,0,0,0,0,0,0
0382M,3,,,,,,,,,,,,,3,,,,,0,3,0,0,0,0,0,0,0,0,0,0
0383M,,,,,,,,,,3,,,,,,,,,3,0,0,0,0,0,0,0,0,0,0,0
0388M,,,,,,,,,,2,,,,3,1,,,,3,3,0,0,0,0,0,0,0,0,0,0
0389M,,,,,,,,,,,,,,,,3,3,,3,3,0,0,0,0,0,0,0,0,0,0
0390M,,,,,,,,,,,6,,,,3,,,,3,6,0,0,0,0,0,0,0,0,0,0
0391M,,,,,,,,,,3,,,,3,,,,,3,3,0,0,0,0,0,0,0,0,0,0
0393M,,,,,,,,,,,,,,,,3,6,,3,6,0,0,0,0,0,0,0,0,0,0
0394M,,,,,,,,,,3,,,,3,,,,,3,3,0,0,0,0,0,0,0,0,0,0
0395M,,,,,,,,,,3,,,,,,,5,,3,5,0,0,0,0,0,0,0,0,0,0
0396M,,,,,,,,,,,,,,,,3,6,,3,6,0,0,0,0,0,0,0,0,0,0
0399M,,,,,,,,,,3,,,,3,,,,,3,3,0,0,0,0,0,0,0,0,0,0
0400M,3,,,,,,3,,,,,,,,,,,,0,0,0,0,0,0,0,0,0,0,0,0
0401M,,,,,,,,,,,,,,,,3,6,,3,6,0,0,0,0,0,0,0,0,0,0
0402M,,,,,,,,,,,,,,,,3,3,3,3,6,0,0,0,0,0,0,0,0,0,0
0403M,,,,,,,,,,3,,,,3,,,,,3,3,0,0,0,0,0,0,0,0,0,0
0405M,,,,,,,,,,,,,,,,3,6,,3,6,0,0,0,0,0,0,0,0,0,0
0407M,,,,,,,,,,,,,,,,3,6,,3,6,0,0,0,0,0,0,0,0,0,0
0409M,2,,,,,,,,,,,,,,,,,,0,0,0,0,0,0,0,0,0,0,0,0
0410M,,,,,,,,,,3,,,,3,,,,,3,3,0,0,0,0,0,0,0,0,0,0
0412M,,,,,,,,,,3,,,,3,,,,,3,3,0,0,0,0,0,0,0,0,0,0
0413I,,,,,,,,,,,,,,,,1,,,1,0,0,0,0,0,0,0,0,0,0,0
0414M,,,,,,,,,,,,,,,,3,6,,3,6,0,0,0,0,0,0,0,0,0,0
0415M,,,,,,,,,,,,3,,3,,,,,3,3,0,0,0,0,0,0,0,0,0,0
0417M,,,,,,,,,,,,,,,,3,6,,3,6,0,0,0,0,0,0,0,0,0,0
0418M,,,,,,,,,,,,,,,,3,6,,3,6,0,0,0,0,0,0,0,0,0,0
0419M,,,,,,,,,,,,,,,,3,3,3,3,6,0,0,0,0,0,0,0,0,0,0
0420M,,,,,,,,,,,,,,,,3,6,,3,6,0,0,0,0,0,0,0,0,0,0
0421M,,,,,,,,,3,2,,,,,1,,,,3,0,0,0,0,0,0,0,0,0,0,0
0423M,,,,,,,,,,3,,,,3,,,,,3,3,0,0,0,0,0,0,0,0,0,0
0424M,,,,,,,,,,3,,,,3,,,,,3,3,0,0,0,0,0,0,0,0,0,0
0425M,,,,,,,,,,,,,,,,3,3,3,3,6,0,0,0,0,0,0,0,0,0,0
0427M,,,,,,,,,,,,,,,,3,6,,3,6,0,0,0,0,0,0,0,0,0,0
0428M,,,,,,,,,,,,,,,,3,3,3,3,6,0,0,0,0,0,0,0,0,0,0
0429M,,,,,,,,,,3,,,,3,,,,,3,3,0,0,0,0,0,0,0,0,0,0
0430M,,,,,,,,,,3,,,,3,,,,,3,3,0,0,0,0,0,0,0,0,0,0
0431M,,,,,,,,,,,,,,,,3,6,,3,6,0,0,0,0,0,0,0,0,0,0
0432M,,,,,,,,,,,,,,,,3,6,,3,6,0,0,0,0,0,0,0,0,0,0
0433M,,,,,,,,,,,,,,,,,6,,0,6,0,0,0,0,0,0,0,0,0,0
0434M,,,,,,,,,,,,,,,,3,6,,3,6,0,0,0,0,0,0,0,0,0,0
0435M,,,,,,,,,,3,6,,,,,,,,3,6,0,0,0,0,0,0,0,0,0,0
0436M,,,,,,,,,,,,,,,,3,6,,3,6,0,0,0,0,0,0,0,0,0,0
0438M,3,,,,,,,,,,,,,3,,,,,0,3,0,0,0,0,0,0,0,0,0,0
0439M,,,,,,,,,,,,,,,,3,6,,3,6,0,0,0,0,0,0,0,0,0,0
0440M,,,,,,,,,,3,,,,3,,,,,3,3,0,0,0,0,0,0,0,0,0,0
0441M,,,,,,,,,,,,,,,,3,6,,3,6,0,0,0,0,0,0,0,0,0,0
0443M,,,,,,,,,,,,,,3,,3,,,3,3,0,0,0,0,0,0,0,0,0,0
0444M,,,,,,,,,,,,,,,,,6,,0,6,0,0,0,0,0,0,0,0,0,0
0445M,,,,,,,,,,,,,,,,3,6,,3,6,0,0,0,0,0,0,0,0,0,0
0446M,,,,,,,,,,,,,,,,3,6,,3,6,0,0,0,0,0,0,0,0,0,0
0447M,,,,,,,,,,,,,,3,,3,,,3,3,0,0,0,0,0,0,0,0,0,0
0448M,3,,,,,,,,,,6,,,,,,,,0,6,0,0,0,0,0,0,0,0,0,0
0449M,,,,,,,,,,,,,,,,3,6,,3,6,0,0,0,0,0,0,0,0,0,0
0450M,,,,,,,,,,,,,,,,3,6,,3,6,0,0,0,0,0,0,0,0,0,0
0452M,,,,,,,,,,3,,,,,,,6,,3,6,0,0,0,0,0,0,0,0,0,0
0454M,,,,,,,,,,,,,,,,3,6,,3,6,0,0,0,0,0,0,0,0,0,0
0455M,,,,,,,3,,,3,,,,,,,,,3,0,0,0,0,0,0,0,0,0,0,0
0457M,3,,,,,,,,,,,,,3,,,,,0,3,0,0,0,0,0,0,0,0,0,0
0461M,,,,,,,,,,,,,,,,3,3,3,3,6,0,0,0,0,0,0,0,0,0,0
0463M,,,,,,,,,,2,6,,,,,,,,2,6,0,0,0,0,0,0,0,0,0,0
0464M,,,,,,,3,,,3,,,,,,,,,3,0,0,0,0,0,0,0,0,0,0,0
0465M,,,,,,,,,,2,,,,3,,,,,2,3,0,0,0,0,0,0,0,0,0,0
0466M,,,,,,,,,,3,,,,2,,,,,3,2,0,0,0,0,0,0,0,0,0,0
0466ML,,,,,,,,,,,,,,1,,,,,0,1,0,0,0,0,0,0,0,0,0,0
0467M,,,,3,,,,3,,,,,,,,,,,0,0,3,0,0,0,0,0,0,0,0,0
0468M,,,,,,,,,,,,,,,,3,6,,3,6,0,0,0,0,0,0,0,0,0,0
0469M,3,,,,,,,,,,,,,3,,,,,0,3,0,0,0,0,0,0,0,0,0,0
0470M,,,,,,,3,,,3,,,,,,,,,3,0,0,0,0,0,0,0,0,0,0,0
0472M,,,,,,,,,,,6,,,,,,,,0,6,0,0,0,0,0,0,0,0,0,0
0474I,,,,,,,,,,,,,,,,3,,,3,0,0,0,0,0,0,0,0,0,0,0
0474M,,3,,,,,,,,3,,,,3,,,,,3,3,0,0,0,0,0,0,0,0,0,0
0476M,,,,,,,,,,,,,,,,3,6,,3,6,0,0,0,0,0,0,0,0,0,0
0476U,,,,,1,,,,,,,,,,,,,,0,0,0,0,0,0,0,0,0,0,0,0
0477M,,3,,,,,,,,,,,,3,3,,,,3,3,0,0,0,0,0,0,0,0,0,0
0478M,,,,,,,,,,,,,,,,3,6,,3,6,0,0,0,0,0,0,0,0,0,0
0479U,,,,,1,,,,,,,,,,,,,,0,0,0,0,0,0,0,0,0,0,0,0
0480U,,,,,1,,,,,,,,,,,,,,0,0,0,0,0,0,0,0,0,0,0,0
0481U,,,,,1,,,,,,,,,,,,,,0,0,0,0,0,0,0,0,0,0,0,0
0482U,,,,,1,,,,,,,,,,,,,,0,0,0,0,0,0,0,0,0,0,0,0
0485M,,,,,,,,,,,,,,,,3,3,3,3,6,0,0,0,0,0,0,0,0,0,0
0486M,,,,,,,,,,,,,,,,3,3,3,3,6,0,0,0,0,0,0,0,0,0,0
0487M,3,,,,,,,,,,6,,,,,,,,0,6,0,0,0,0,0,0,0,0,0,0
0490M,3,,,,,,,,,,3,,,,,,,,0,3,0,0,0,0,0,0,0,0,0,0
0491M,,,,,,,3,,,,,,,,,,,,0,0,0,0,0,0,0,0,0,0,0,0
0492M,3,,,,,,3,,,,,,,,,,,,0,0,0,0,0,0,0,0,0,0,0,0
0493M,,,,,,,,,,,,,,3,,3,,,3,3,0,0,0,0,0,0,0,0,0,0
0496M,,,,,,,,,,,,,,,,3,3,3,3,6,0,0,0,0,0,0,0,0,0,0
0499M,,,,,,,3,,,3,,,,,,,,,3,0,0,0,0,0,0,0,0,0,0,0
0500M,,,,,,,,,,,,,,,,3,,,3,0,0,0,0,0,0,0,0,0,0,0
0500ML,,,,,,,,,,,,,,,,,3,,0,3,0,0,0,0,0,0,0,0,0,0
0503M,,,,,,,,,,3,,,,3,,,,,3,3,0,0,0,0,0,0,0,0,0,0
0509M,3,,,,,,,,,,5,,,,,,,,0,5,0,0,0,0,0,0,0,0,0,0
0512M,,,,,,,,,,3,,,,3,,,,,3,3,0,0,0,0,0,0,0,0,0,0
0528M,,,,,,,,,,3,3,,,,,,,,3,3,0,0,0,0,0,0,0,0,0,0
0530M,,,,,,,,,,3,,,,3,,,,,3,3,0,0,0,0,0,0,0,0,0,0
0535M,,,,,,,2,,,,,,,1,,,,,0,1,0,0,0,0,0,0,0,0,0,0
0537M,3,,,,,,,,,,,,,3,,,,,0,3,0,0,0,0,0,0,0,0,0,0
0552M,,,,,,,,,,3,,,,,,,,,3,0,0,0,0,0,0,0,0,0,0,0
0558M,,,,,,,3,,,3,,,,,,,,,3,0,0,0,0,0,0,0,0,0,0,0
0559M,,,,,,,3,,,3,,,,,,,,,3,0,0,0,0,0,0,0,0,0,0,0
0560M,,,,,,,,,,3,6,,,,,,,,3,6,0,0,0,0,0,0,0,0,0,0
0564M,,,,,,,,,,,,,,,,3,6,,3,6,0,0,0,0,0,0,0,0,0,0
0568M,,,,,,,2,,,3,,,,1,,,,,3,1,0,0,0,0,0,0,0,0,0,0
0573M,3,,,,,,,,,,6,,,,,,,,0,6,0,0,0,0,0,0,0,0,0,0
0576M,,,,,,,,,,3,3,,,,,,,,3,3,0,0,0,0,0,0,0,0,0,0
0581M,,,,,,,3,,,,,,,,,3,,,3,0,0,0,0,0,0,0,0,0,0,0
0586M,,,,,,,,,,3,,,,3,,,,,3,3,0,0,0,0,0,0,0,0,0,0
0592M,3,,,,,,,,,,5,,,,,,,,0,5,0,0,0,0,0,0,0,0,0,0
0595M,,,,,,,3,,,3,,,,,,,,,3,0,0,0,0,0,0,0,0,0,0,0
0596M,,,,,,,3,,,3,,,,,,,,,3,0,0,0,0,0,0,0,0,0,0,0
0600M,,,,,,,,,,3,,,,3,,,,,3,3,0,0,0,0,0,0,0,0,0,0
0605M,,,,,,,,,,,5,,,,3,,,,3,5,0,0,0,0,0,0,0,0,0,0
0606M,,,,,,,3,,,3,,,,,,,,,3,0,0,0,0,0,0,0,0,0,0,0
0609M,,,,,,,,,,3,,,,3,,,,,3,3,0,0,0,0,0,0,0,0,0,0
0620M,,,,,,,,,,3,6,,,,,,,,3,6,0,0,0,0,0,0,0,0,0,0
0623M,,,,,,,,,,3,6,,,,,,,,3,6,0,0,0,0,0,0,0,0,0,0
0630M,,,,,,,,,,3,,,,3,,,,,3,3,0,0,0,0,0,0,0,0,0,0
0638M,,,,,,,,,,3,,,,3,,,,,3,3,0,0,0,0,0,0,0,0,0,0
0716U,,,,,1,,,,,,,,,,,,,,0,0,0,0,0,0,0,0,0,0,0,0
0721M,,,,,,,3,,,,,,,,,3,,,3,0,0,0,0,0,0,0,0,0,0,0
0722M,,,,,,,,,,,,,,3,,3,,,3,3,0,0,0,0,0,0,0,0,0,0
0723M,,,,,,,2,,,,,,,,,3,,,3,0,0,0,0,0,0,0,0,0,0,0
0724M,,,,,,,2,,,,,,,,,3,,,3,0,0,0,0,0,0,0,0,0,0,0
0725M,,,,,,,2,,,,,,,1,,3,,,3,1,0,0,0,0,0,0,0,0,0,0
0726M,,,,,,,,,,,,,,,,3,,,3,0,0,0,0,0,0,0,0,0,0,0
0727M,,,,,,,,,,,,,,,,3,,,3,0,0,0,0,0,0,0,0,0,0,0
0728M,,,,,,,,3,,,,,,,,3,,,3,0,0,0,0,0,0,0,0,0,0,0
0738M,,,,1,,,,3,,,,,,,,,,,0,0,1,0,0,0,0,0,0,0,0,0
0741M,,,,3,,,,3,,,,,,,,,,,0,0,3,0,0,0,0,0,0,0,0,0
0744ML,,,,,,,,3,,,,,,,,,,,0,0,0,0,0,0,0,0,0,0,0,0
0748M,,,,3,,,,3,,,,,,,,,,,0,0,3,0,0,0,0,0,0,0,0,0
0751M,,,,3,,,,3,,,,,,,,,,,0,0,3,0,0,0,0,0,0,0,0,0
0752M,,,,3,,,,3,,,,,,,,,,,0,0,3,0,0,0,0,0,0,0,0,0
0753M,,,,3,,,,3,,,,,,,,,,,0,0,3,0,0,0,0,0,0,0,0,0
0755M,,,,3,,,,3,,,,,,,,,,,0,0,3,0,0,0,0,0,0,0,0,0
0757M,,,,,,,,,,3,,,,3,,,,,3,3,0,0,0,0,0,0,0,0,0,0
0758M,,,,3,,,,3,,,,,,,,,,,0,0,3,0,0,0,0,0,0,0,0,0
0759M,,,,3,,,,3,,,,,,,,,,,0,0,3,0,0,0,0,0,0,0,0,0
0762M,,,,,,,,3,,,,,,,,,,,0,0,0,0,0,0,0,0,0,0,0,0
0763ML,,,,,,,,3,,,,,,,,,,,0,0,0,0,0,0,0,0,0,0,0,0
0763MM,,,,2,,,,2,,,,,,,,,,,0,0,2,0,0,0,0,0,0,0,0,0
0800M,,,,,,,,,,3,,,,3,,,,,3,3,0,0,0,0,0,0,0,0,0,0
0803M,2,,,,,,3,,,,,,,,1,,,,1,0,0,0,0,0,0,0,0,0,0,0
0832M,,,,,,,2,,,,,,,,,3,,,3,0,0,0,0,0,0,0,0,0,0,0
0833ML,,,,,,,,3,,,,,,,,,,,0,0,0,0,0,0,0,0,0,0,0,0
0835M,,,,3,,,,3,,,,,,,,,,,0,0,3,0,0,0,0,0,0,0,0,0
0861M,,,,,,,,,,,,,,1,1,,,,1,1,0,0,0,0,0,0,0,0,0,0
0871M,,,,,,,,,,,,,,,,3,6,,3,6,0,0,0,0,0,0,0,0,0,0
0874M,,,,,,,,,,3,,,,3,,,,,3,3,0,0,0,0,0,0,0,0,0,0
0876M,,,,,,,,,,,6,,,,3,,,,3,6,0,0,0,0,0,0,0,0,0,0
0877M,,,,,,,3,,,,,,,,,,,,0,0,0,0,0,0,0,0,0,0,0,0
0882M,,,,,,,3,,,3,,,,,,,,,3,0,0,0,0,0,0,0,0,0,0,0
0885I,,,,,,,,,,,,,,,,1,,,1,0,0,0,0,0,0,0,0,0,0,0
0886I,,,,,,,,,,,,,,,,2,,,2,0,0,0,0,0,0,0,0,0,0,0
0888I,,,,,,,,,,,,,,,,2,,,2,0,0,0,0,0,0,0,0,0,0,0
0892I,,,,,,,,,,3,,,,,,,,,3,0,0,0,0,0,0,0,0,0,0,0
0896I,,,,,,,,,,3,,,,,,,,,3,0,0,0,0,0,0,0,0,0,0,0
0899I,,,,,,,,,,,,,,,,3,,,3,0,0,0,0,0,0,0,0,0,0,0
0908M,,,,,,,3,,,,,,,,3,,,,3,0,0,0,0,0,0,0,0,0,0,0
0923M,3,,,,,,,,,,6,,,,,,,,0,6,0,0,0,0,0,0,0,0,0,0
0925M,,,,,,,,,,3,3,,,,,,,,3,3,0,0,0,0,0,0,0,0,0,0
0935M,,,,,,,,,,3,,,,3,,,,,3,3,0,0,0,0,0,0,0,0,0,0
0936M,,,,,,,3,,,3,,,,,,,,,3,0,0,0,0,0,0,0,0,0,0,0
0942I,,,,,,,,,,,,,,,,3,,,3,0,0,0,0,0,0,0,0,0,0,0
0944I,,,,,,,,,,,,,,,,3,,,3,0,0,0,0,0,0,0,0,0,0,0
0947M,,,,,,,2,,,3,,,,1,,,,,3,1,0,0,0,0,0,0,0,0,0,0
0949U,,,,,1,,,,,,,,,,,,,,0,0,0,0,0,0,0,0,0,0,0,0
0950M,,,,,,,,,,,,,,,,3,,3,3,3,0,0,0,0,0,0,0,0,0,0
0951U,,,,,1,,,,,,,,,,,,,,0,0,0,0,0,0,0,0,0,0,0,0
0968M,,,,,,,,,,,,,,,,3,,,3,0,0,0,0,0,0,0,0,0,0,0
0969M,,,,,,,,,,,,,,,,3,,,3,0,0,0,0,0,0,0,0,0,0,0
0971M,,,,,,,,,,,,,,,,3,,,3,0,0,0,0,0,0,0,0,0,0,0
0972M,,,,,,,,,,,,,,,,3,,,3,0,0,0,0,0,0,0,0,0,0,0
0973M,,,,,,,1,,3,3,,,,,,,,,3,0,0,0,0,0,0,0,0,0,0,0
0975M,,,,,,,3,,,,,,,,,3,,,3,0,0,0,0,0,0,0,0,0,0,0
0983M,,,,,,,,,,3,,,,2,,,,,3,2,0,0,0,0,0,0,0,0,0,0
1001M,,,,,,,,,3,,,,,,,3,,,3,0,0,0,0,0,0,0,0,0,0,0
1002M,,,,,,,,,,3,,,,3,,,,,3,3,0,0,0,0,0,0,0,0,0,0
1010M,,,,,,,3,,,,,,,,,3,,,3,0,0,0,0,0,0,0,0,0,0,0
1018M,,,,,,,,,,3,,,,3,,,,,3,3,0,0,0,0,0,0,0,0,0,0
1030M,,,,,,,,,,,,,,,1,,,,1,0,0,0,0,0,0,0,0,0,0,0
1043M,,,,,,,,,,,,,,4,3,,,,3,4,0,0,0,0,0,0,0,0,0,0
1065M,,,,,,,,,,1,,,,1,,,,,1,1,0,0,0,0,0,0,0,0,0,0
